Keyword,Volume,CPC,Competition,Monthly Budget Estimate
section 179 deduction 2025,8400,$2.25 ,Low,"$1,890.00 "
plantar fasciitis shockwave therapy,3300,$5.75 ,Medium,"$1,897.50 "
section 179 medical equipment,3100,$4.50 ,Low,"$1,395.00 "
medical equipment tax deduction,2900,$3.75 ,Low,"$1,087.50 "
extracorporeal shockwave therapy,2400,$7.25 ,Medium,"$1,740.00 "
pain management equipment,2200,$6.50 ,High,"$1,430.00 "
chronic pain shockwave therapy,2100,$5.50 ,Medium,"$1,155.00 "
shockwave therapy equipment,1900,$8.50 ,High,"$1,615.00 "
tendonitis shockwave treatment,1800,$6.25 ,Medium,"$1,125.00 "
non invasive pain treatment,1700,$5.25 ,Medium,$892.50 
shockwave therapy machine,1600,$8.25 ,High,"$1,320.00 "
orthopedic shockwave therapy,1500,$7.50 ,Medium,"$1,125.00 "
sports injury shockwave,1400,$6.75 ,Medium,$945.00 
shockwave therapy device cost,1300,$7.50 ,High,$975.00 
medical device tax write off,1200,$3.50 ,Low,$420.00 
buy shockwave therapy machine,1200,$10.25 ,High,"$1,230.00 "
FDA approved shockwave therapy,1100,$8.75 ,High,$962.50 
regenerative medicine equipment,1100,$7.75 ,Medium,$852.50 
calcific tendinitis treatment,990,$7.25 ,Low,$717.75 
sports medicine shockwave,980,$8.25 ,Medium,$808.50 
shockwave therapy CPT codes,890,$2.25 ,Low,$200.25 
ESWT equipment,880,$9.75 ,Medium,$858.00 
best shockwave therapy machine,880,$9.25 ,High,$814.00 
medical shockwave device,720,$10.50 ,Medium,$756.00 
shockwave therapy billing codes,670,$2.50 ,Low,$167.50 
shockwave therapy equipment USA,590,$8.90 ,Medium,$525.10 
shockwave therapy equipment lease,480,$6.75 ,Medium,$324.00 
shockwave therapy equipment financing,390,$5.50 ,Low,$214.50 
shockwave therapy ROI,320,$4.25 ,Low,$136.00 
curamedix shockwave,210,$2.50 ,Low,$52.50 
shockwave therapy practice revenue,180,$3.75 ,Low,$67.50 